CFDA number,CFDA Program Title,Failed Metric,CFDA Program Obligation
23.001,Appalachian Regional Development (See individual Appalachian Programs),consistency,68286799.00
23.003,Appalachian Development Highway System,consistency,323953630.00
23.011,"Appalachian Research, Technical Assistance, and Demonstration Projects",consistency,929971.00
94.007,Planning and Program Development Grants,consistency,1.00
94.017,Senior Demonstration Program,consistency,323000.00
90.100,Denali Commission Program,consistency,21000000.00
90.201,Delta Area Economic Development,consistency,7789000.00
90.202,Delta Local Development District Assistance,consistency,396000.00
90.300,Japan-US Friendship Commission Grants,consistency,1569383.00
90.400,Help America Vote College Program,consistency,750000.00
90.402,Help America Vote Mock Election Program,consistency,200000.00
90.500,International Broadcasting Independent Grantee Organizations,consistency,207552000.00
10.222,Tribal Colleges Endowment Program,consistency,3080640.00
10.555,National School Lunch Program,consistency,8209848000.00
10.556,Special Milk Program for Children,consistency,15120000.00
10.557,"Special Supplemental Nutrition Program for Women, Infants, and Children",consistency,6250280000.00
10.558,Child and Adult Care Food Program,consistency,2286629000.00
10.559,Summer Food Service Program for Children,consistency,312637000.00
10.565,Commodity Supplemental Food Program,consistency,140806821.00
10.569,Emergency Food Assistance Program (Food Commodities),consistency,140000000.00
10.572,WIC Farmers' Market Nutrition Program (FMNP),consistency,19860000.00
10.666,Schools and Roads - Grants to Counties,consistency,15718200.00
10.553,School Breakfast Program,consistency,2393028000.00
10.001,Agricultural Research_Basic and Applied Research,consistency,20295111.00
10.156,Federal-State Marketing Improvement Program,consistency,3186537.00
10.168,Farmers' Market Promotion Program,timeliness,3000000.00
10.169,Specialty Crop Block Grant Program,timeliness,8422000.00
10.170,Specialty Crop Block Grant Program - Farm Bill,consistency,10000000.00
10.227,1994 Institutions Research Program,consistency,1434184.00
10.310,Agriculture and Food Research Initiative (AFRI) ,consistency,175778719.00
10.352,Value-Added Producer Grants,consistency,19000000.00
10.417,Very Low-Income Housing Repair Loans and Grants,consistency,30300000.00
10.444,Direct Housing_Natural Disaster Loans and Grants,consistency,7500.00
10.446,Rural Community Development Initiative,consistency,8259539.00
10.447,The Rural Development (RD) Multi-Family Housing  Revitalization Demonstration Program  (MPR),consistency,126000000.00
10.459,Commodity Partnerships for Small Agricultural Risk Management Education Sessions,consistency,500000.00
10.475,Cooperative Agreements with States for Intrastate Meat and Poultry Inspection,timeliness,47446000.00
10.567,Food Distribution Program on Indian Reservations,consistency,88477000.00
10.574,Team Nutrition Grants,consistency,13269000.00
10.576,Senior Farmers Market Nutrition Program,consistency,16200000.00
10.582,Fresh Fruit and Vegetable Program ,consistency,40000000.00
10.675,Urban and Community Forestry Program,consistency,25354000.00
10.690,Lake Tahoe Erosion Control Grant Program,consistency,8665148.00
10.766,Community Facilities Loans and Grants,timeliness,20443499.00
10.771,Rural Cooperative Development Grants,consistency,4900000.00
10.783,Rural Business Enterprise Grants - ARRA,consistency,54612299.00
10.862,Household Water Well System Grant Program,consistency,990000.00
10.923,Emergency Watershed Protection Program,consistency,147393731.00
10.916,Watershed Rehabilitation Program,consistency,12474354.00
10.448,Rural Development Multi-Family Housing Rural Housing Voucher Demonstration Program,consistency,6300000.00
10.962,Cochran Fellowship Program-International Training-Foreign Participant,consistency,1200000.00
10.999,"Long Term Standing Agreements For Storage, Transportation And Lease",consistency,6606532.00
10.055,Direct and Counter-cyclical Payments Program,consistency,5180269955.00
10.551,Supplemental Nutrition Assistance Program,consistency,33616777000.00
10.566,Nutrition Assistance For Puerto Rico,consistency,1622521000.00
10.912,Environmental Quality Incentives Program,consistency,925990053.00
10.914,Wildlife Habitat Incentive Program,consistency,57106833.00
10.917,Agricultural Management Assistance,consistency,5756087.00
10.920,Grassland Reserve Program,consistency,1810086.00
10.921,Conservation Security Program ,consistency,272461959.00
10.922,Healthy Forests Reserve Program (HFRP),consistency,522865.00
10.051,Commodity Loans and Loan Deficiency Payments,completeness,6035694.00
11.435,Southeast Area Monitoring and Assessment Program,consistency,3716304.00
11.554,Low-Power Television and Translator Digital-to-Analog Conversion,consistency,10000000.00
11.556,TV Converter Box Coupon Program,consistency,429424000.00
11.408,Fishermen's Contingency Fund,consistency,227900.00
12.558,"Department of Defense Impact Aid (Supplement, CWSD, BRAC)",consistency,35000000.00
12.351,Basic  Scientific Research - Combating Weapons of Mass Destruction ,timeliness,38000000.00
12.352,Scientific Research - Combating Weapons of Mass Destruction,consistency,1000000.00
12.360,Research on Chemical and Biological Defense,timeliness,10000000.00
12.550,National Flagship Language Program Grants To U.S. Institutions Of Higher Education,consistency,12000000.00
12.553,National Flagship Language Program Fellowships,consistency,12000000.00
12.557,Invitational Grants for Military-Connected Schools,consistency,900000.00
12.607,"Community Economic Adjustment Assistance for Establishment, Expansion, Realignment, or Closure of a Military Installation",timeliness,45000000.00
12.611,Community Economic Adjustment Planning Assistance for Reductions in Defense Industry Employment,consistency,2000000.00
12.614,Community Economic Adjustment Diversification Planning,timeliness,1500000.00
12.615,RESEARCH AND TECHNICAL ASSISTANCE,consistency,1092332.00
12.800,Air Force Defense Research Sciences Program,timeliness,365000000.00
12.400,"Military Construction, National Guard",consistency,101700000.00
84.403,Consolidated Grant to the Outlying Areas,consistency,72685490.00
84.004,Civil Rights Training and Advisory Services,consistency,6989000.00
84.015,National Resource Centers Program for Foreign Language and Area Studies or Foreign Language and International Studies Program and Foreign Language and Area Studies Fellowship Program,consistency,59557652.00
84.018,Overseas Programs_Special Bilateral Projects,consistency,2149000.00
84.021,Overseas Programs - Group Projects Abroad,consistency,4613000.00
84.031,Higher Education_Institutional Aid,consistency,810671193.00
84.042,TRIO_Student Support Services,consistency,284365000.00
84.044,TRIO_Talent Search,consistency,142744000.00
84.047,TRIO_Upward Bound,consistency,356500000.00
84.051,Career and Technical Education -- National Programs,consistency,7860000.00
84.066,TRIO_Educational Opportunity Centers,consistency,47057000.00
84.083,Women's Educational Equity Act Program,consistency,1846000.00
84.101,Career and Technical Education - Indian Set-aside,consistency,14511000.00
84.103,TRIO Staff Training Program,consistency,4275000.00
84.132,Centers for Independent Living,consistency,73334000.00
84.160,Training Interpreters for Individuals who are Deaf and Individuals who are Deaf-Blind,consistency,2084000.00
84.165,Magnet Schools Assistance,consistency,104826000.00
84.170,Javits Fellowships,consistency,9529558.00
84.184,Safe and Drug-Free Schools and Communities_National Programs,consistency,218632000.00
84.191,Adult Education_National Leadership Activities,consistency,6878000.00
84.214,Even Start_Migrant Education,consistency,2050631.00
84.217,TRIO_McNair Post-Baccalaureate Achievement,consistency,44778000.00
84.220,Centers for International Business Education,consistency,10960000.00
84.229,Language Resource Centers,consistency,4949670.00
84.234,Projects with Industry,consistency,19197000.00
84.245,Tribally Controlled Postsecondary Career and Technical Institutions ,consistency,7546000.00
84.246,Rehabilitation Short-Term Training,consistency,750000.00
84.250,Rehabilitation Services_American Indians with Disabilities,consistency,34892000.00
84.256,Freely Associated States_Education Grant Program,consistency,3811000.00
84.258,Even Start_Indian Tribes and Tribal Organizations,consistency,954067.00
84.263,Rehabilitation Training_Experimental and Innovative Training,consistency,500000.00
84.264,Rehabilitation Training_Continuing Education,consistency,8090000.00
84.265,Rehabilitation Training_State Vocational Rehabilitation Unit In-Service Training,consistency,5664900.00
84.269,Institute for International Public Policy,consistency,1670301.00
84.274,American Overseas Research Centers,consistency,1187122.00
84.275,Rehabilitation Training_General Training,consistency,300000.00
84.283,Comprehensive Centers,consistency,57113000.00
84.286,Ready to Teach,consistency,10700000.00
84.295,Ready-To-Learn Television,consistency,23831000.00
84.304,Civic Education - Cooperative Education Exchange Program,consistency,11861000.00
84.310,Parental Information and Resource Centers,consistency,38908188.00
84.315,Capacity Building for Traditionally Underserved Populations,consistency,2288558.00
84.323,Special Education - State Personnel Development,consistency,22598000.00
84.326,Special Education_Technical Assistance and Dissemination to Improve Services and Results for Children with Disabilities,consistency,48049000.00
84.329,Special Education_Studies and Evaluations,consistency,9460000.00
84.333,"Demonstration Projects to Support Postsecondary Faculty, Staff, and Administrations in Educating Students with Disabilities",consistency,674894.00
84.334,Gaining Early Awareness and Readiness for Undergraduate Programs,consistency,303423000.00
84.336,Teacher Quality Enhancement Grants,consistency,33662000.00
84.337,International Education_Technological Innovation and Cooperation for Foreign Information Access,consistency,1700000.00
84.361,Voluntary Public School Choice,consistency,25819000.00
84.363,School Leadership,consistency,14473650.00
84.371,Striving Readers,consistency,35371080.00
84.373,Special Education_Technical Assistance on State Data Collection,consistency,15000000.00
84.374,Teacher Incentive Fund,consistency,97270470.00
84.382,Strengthening Minority-Serving Institutions,consistency,25000000.00
84.257,National Institute for Literacy,consistency,3906000.00
84.037,Perkins Loan Cancellations,consistency,64327000.00
81.022,Used Energy-Related Laboratory Equipment Grants,consistency,26644329.00
81.065,Nuclear Waste Disposal Siting,consistency,29000000.00
81.106,"Transport of Transuranic Wastes to the Waste Isolation Pilot Plant: States and Tribal Concerns, Proposed Solutions",consistency,3610000.00
81.124,Predictive Science Academic Alliance Program,consistency,7500000.00
81.089,Fossil Energy Research and Development,consistency,400000000.00
93.041,"Special Programs for the Aging_Title VII, Chapter 3_Programs for Prevention of Elder Abuse, Neglect, and Exploitation",consistency,5146000.00
93.042,"Special Programs for the Aging_Title VII, Chapter 2_Long Term Care Ombudsman Services for Older Individuals",completeness,15421261.00
93.043,"Special Programs for the Aging_Title III, Part D_Disease Prevention and Health Promotion Services",consistency,20815881.00
93.044,"Special Programs for the Aging_Title III, Part B_Grants for Supportive Services and Senior Centers",consistency,350595000.00
93.045,"Special Programs for the Aging_Title III, Part C_Nutrition Services",completeness,564399000.00
93.052,"National Family Caregiver Support, Title III, Part E",consistency,151904374.00
93.053,Nutrition Services Incentive Program ,completeness,151894688.00
93.124,Nurse Anesthetist Traineeships,completeness,1250000.00
93.138,Protection and Advocacy for Individuals with Mental Illness,completeness,34182219.00
93.150,Projects for Assistance in Transition from Homelessness (PATH),completeness,50968000.00
93.157,Centers of Excellence,completeness,12036127.00
93.235,Abstinence Education Program,completeness,50000000.00
93.267,State Grants for Protection and Advocacy Services,completeness,2947590.00
93.358,Advanced Education Nursing Traineeships,completeness,16000000.00
93.556,Promoting Safe and Stable Families,completeness,361222000.00
93.558,Temporary Assistance for Needy Families,completeness,18390628000.00
93.560,Family Support Payments to States_Assistance Payments,consistency,35000000.00
93.563,Child Support Enforcement,completeness,4201182000.00
93.566,Refugee and Entrant Assistance_State Administered Programs,completeness,207865000.00
93.568,Low-Income Home Energy Assistance,consistency,617392000.00
93.569,Community Services Block Grant,completeness,653800000.00
93.575,Child Care and Development Block Grant,consistency,2062100000.00
93.584,Refugee and Entrant Assistance_Targeted Assistance Grants,completeness,43731000.00
93.586,State Court Improvement Program,completeness,32089272.00
93.590,Community-Based Child Abuse Prevention Grants,completeness,41689000.00
93.591,Family Violence Prevention and Services/Grants For Battered Women's Shelters_Grants to State Domestic Violence Coalitions,completeness,12255200.00
93.594,Tribal Work Grants,completeness,7633000.00
93.596,Child Care Mandatory and Matching Funds of the Child Care and Development Fund,completeness,2917000000.00
93.599,Chafee Education and Training Vouchers Program (ETV),completeness,45351000.00
93.603,Adoption Incentive Payments,completeness,4323000.00
93.617,Voting Access for Individuals with Disabilities_Grants to States,completeness,12154000.00
93.618,Voting Access for Individuals with Disabilities-Grants for Protection and Advocacy Systems,completeness,5256000.00
93.630,Developmental Disabilities Basic Support and Advocacy Grants,completeness,111506000.00
93.643,Children's Justice Grants to States,completeness,17000000.00
93.645,Child Welfare Services_State Grants,completeness,281744000.00
93.658,Foster Care_Title IV-E,completeness,4581000000.00
93.659,Adoption Assistance,completeness,2156000000.00
93.667,Social Services Block Grant,completeness,1700000000.00
93.669,Child Abuse and Neglect State Grants,completeness,26535000.00
93.671,Family Violence Prevention and Services/Grants for Battered Women's Shelters_Grants to States and Indian Tribes,completeness,98041600.00
93.674,Chafee Foster Care Independence Program,completeness,140000000.00
93.716,ARRA  TEMPORARY ASSISTANCE FOR NEEDY FAMILIES (TANF) SUPPLEMENTAL GRANTS,consistency,319450000.00
93.767,State Children's Insurance Program,completeness,6640000000.00
93.775,State Medicaid Fraud Control Units,consistency,186000000.00
93.777,State Survey and Certification of Health Care Providers and Suppliers,completeness,265204940.00
93.778,Medical Assistance Program,completeness,204052706000.00
93.889,National Bioterrorism Hospital Preparedness Program,completeness,398059000.00
93.917,HIV Care Formula Grants,completeness,1103104015.00
93.958,Block Grants for Community Mental Health Services,completeness,399735453.00
93.959,Block Grants for Prevention and Treatment of Substance Abuse,completeness,1670791542.00
93.964,Public Health Traineeships,completeness,1258262.00
93.991,Preventive Health and Health Services Block Grant,completeness,91651300.00
93.994,Maternal and Child Health Services Block Grant to the States,completeness,551241460.00
93.264,Nurse Faculty Loan Program (NFLP),consistency,7089668.00
93.003,Public Health and Social Services Emergency Fund,completeness,0.00
93.009,Compassion Capital Fund  ,completeness,52700000.00
93.010,Community-Based Abstinence Education (CBAE) ,completeness,96785000.00
93.019,Technical Assistance and Provision for Foreign Hospitals and Health Organizations,consistency,1285500.00
93.047,"Special Programs for the Aging_Title VI, Part A, Grants to Indian Tribes_Part B, Grants to Native Hawaiians",completeness,26134000.00
93.048,Special Programs for the Aging_Title IV_and Title II_Discretionary Projects,completeness,48618000.00
93.051,Alzheimer's Disease Demonstration Grants to States,completeness,10996505.00
93.054,"National Family Caregiver Support, Title VI, Part C, Grants To Indian Tribes And Native Hawaiians",completeness,6268335.00
93.061,Innovations in Applied Public Health Research,completeness,27000000.00
93.063,Centers for Genomics and Public Health,completeness,700000.00
93.067,Global AIDS,completeness,706323427.00
93.086,Healthy Marriage Promotion and Responsible Fatherhood Grants,completeness,150000000.00
93.087,Enhance the Safety of Children Affected by Parental Methamphetamine or Other Substance Abuse,completeness,35000000.00
93.088,Advancing System Improvements to Support Targets for Healthy People 2010,completeness,4000000.00
93.103,Food and Drug Administration_Research,completeness,36823882.00
93.104,Comprehensive Community Mental Health Services for Children with Serious Emotional Disturbances (SED),completeness,78922182.00
93.113,Environmental Health,completeness,303091000.00
93.117,Grants for Preventive Medicine,completeness,1198894.00
93.118,Acquired Immunodeficiency Syndrome (AIDS) Activity,completeness,3378016.00
93.134,Grants to Increase Organ Donations,completeness,8307395.00
93.136,Injury Prevention and Control Research and State and Community Based Programs,completeness,102000000.00
93.142,NIEHS Hazardous Waste Worker Health and Safety Training,completeness,26906032.00
93.143,NIEHS Superfund Hazardous Substances_Basic Research and Education,completeness,46092440.00
93.145,AIDS Education and Training Centers,consistency,32528024.00
93.153,"Coordinated Services and Access to Research for Women, Infants, Children, and Youth",timeliness,68578587.00
93.156,"Geriatric Training for Physicians, Dentists and Behavioral/Mental Health Professionals",completeness,6477197.00
93.161,Health Program for Toxic Substances and Disease Registry,completeness,7482096.00
93.165,Grants to States for Loan Repayment Program,completeness,7000000.00
93.173,Research Related to Deafness and Communication Disorders,completeness,394138000.00
93.178,Nursing Workforce Diversity,completeness,15210512.00
93.185,"Immunization Research, Demonstration, Public Information and Education_Training and Clinical Skills Improvement Projects",consistency,9118317.00
93.189,Health Education and Training Centers,completeness,0.00
93.191,Allied Health Special Projects,completeness,1850754.00
93.193,Urban Indian Health Services,consistency,34547000.00
93.197,Childhood Lead Poisoning Prevention Projects_State and Local Childhood Lead Poisoning Prevention and Surveillance of Blood Lead Levels in Children,completeness,28093406.00
93.204,Surveillance of Hazardous Substance Emergency Events,completeness,989871.00
93.211,Telehealth Network Grants,completeness,6432000.00
93.212,Chiropractic Demonstration Project Grants,completeness,1817438.00
93.213,Research and Training in Complementary and Alternative Medicine,completeness,85538000.00
93.223,Development and Coordination of Rural Health Services,consistency,270000.00
93.224,"Consolidated Health Centers (Community Health Centers, Migrant Health Centers, Health Care for the Homeless, Public Housing Primary Care, and School Based Health Centers)",timeliness,1821000000.00
93.225,National Research Service Awards_Health Services Research Training,completeness,7820000.00
93.226,"Research on Healthcare Costs, Quality and Outcomes",completeness,73127391.00
93.233,National Center on Sleep Disorders Research,completeness,52938299.00
93.234,Traumatic Brain Injury State Demonstration Grant Program,completeness,5314680.00
93.236,Grants for Dental Public Health Residency Training,completeness,5093496.00
93.237,Special Diabetes Program for Indians_Diabetes Prevention and Treatment  Projects,completeness,112300000.00
93.240,State Capacity Building,completeness,12681515.00
93.241,State Rural Hospital Flexibility Program,completeness,21600000.00
93.242,Mental Health Research Grants,completeness,969462000.00
93.243,Substance Abuse and Mental Health Services_Projects of Regional and National Significance,completeness,351705645.00
93.247,Advanced Education Nursing Grant Program,completeness,40697432.00
93.250,Geriatric Academic Career Awards,consistency,6034659.00
93.251,Universal Newborn Hearing Screening,completeness,8472682.00
93.253,Poison Control Stabilization and Enhancement Grants,completeness,22605223.00
93.254,Infant Adoption Awareness Training,completeness,12453000.00
93.257,"Grants for Education, Prevention, and Early Detection of Radiogenic Cancers and Diseases",completeness,1517000.00
93.259,Rural Access to Emergency Devices Grant,consistency,1100000.00
93.262,Occupational Safety and Health Program,completeness,115000000.00
93.265,Comprehensive Geriatric Education Program(CGEP),completeness,3016826.00
93.268,Immunization Grants,consistency,2841107847.00
93.269,Complex Humanitarian Emergency and War-Related Injury Public Health Activities,completeness,0.00
93.271,Alcohol Research Career Development Awards for Scientists and Clinicians,completeness,12051000.00
93.272,Alcohol National Research Service Awards for Research Training,completeness,11284000.00
93.273,Alcohol Research Programs,completeness,260630000.00
93.275,Substance Abuse and Mental Health Services-Access to Recovery,completeness,95962645.00
93.276,Drug-Free Communities Support Program Grants,completeness,82361304.00
93.279,Drug Abuse and Addiction Research Programs,consistency,38771000.00
93.281,Mental Health Research Career/Scientist Development Awards,completeness,70480000.00
93.286,Discovery and Applied Research for Technological Innovations to Improve Human Health,completeness,300463000.00
93.296,State Partnership Grant Program to Improve Minority Health ,consistency,4979018.00
93.301,Small Rural Hospital Improvement Grant Program,completeness,14220000.00
93.307,Minority Health and Health Disparities Research ,completeness,149973000.00
93.359,"Nurse Education, Practice and Retention Grants",completeness,36362453.00
93.361,Nursing Research,completeness,121055000.00
93.389,National Center for Research Resources,timeliness,1069627000.00
93.393,Cancer Cause and Prevention Research,completeness,664410000.00
93.394,Cancer Detection and Diagnosis Research,completeness,286333000.00
93.395,Cancer Treatment Research,completeness,539691000.00
93.396,Cancer Biology Research,completeness,503739000.00
93.397,Cancer Centers Support Grants,completeness,479564000.00
93.398,Cancer Research Manpower,completeness,180965000.00
93.399,Cancer Control,completeness,208278000.00
93.443,Health Promotion/Disease Prevention Program for American Indians and Alaska Natives ,completeness,1300000.00
93.550,Transitional Living for Homeless Youth,completeness,47455000.00
93.551,Abandoned Infants,completeness,11628000.00
93.557,"Education and Prevention Grants to Reduce Sexual Abuse of Runaway, Homeless and Street Youth",completeness,18803000.00
93.564,Child Support Enforcement Research,completeness,1800000.00
93.570,Community Services Block Grant_Discretionary Awards,completeness,39327000.00
93.576,Refugee and Entrant Assistance_Discretionary Grants,completeness,76884000.00
93.579,U.S. Repatriation,completeness,1000000.00
93.581,Improving the Capability of Indian Tribal Governments to Regulate Environmental Quality,completeness,1500000.00
93.587,Promote the Survival and Continuing Vitality of Native American Languages,completeness,5000000.00
93.592,Family Violence Prevention and Services/Grants for Battered Women's Shelters_Discretionary Grants,consistency,126734000.00
93.593,Job Opportunities for Low-Income Individuals,completeness,5288000.00
93.595,"Welfare Reform Research, Evaluations and National Studies",consistency,189764000.00
93.597,Grants to States for Access and Visitation Programs,completeness,10000000.00
93.598,Services to Victims of a Severe Form of Trafficking,completeness,1316000.00
93.600,Head Start,timeliness,6856803005.00
93.601,Child Support Enforcement Demonstrations and Special Projects,completeness,1500000.00
93.602,Assets for Independence Demonstration Program,completeness,24025000.00
93.604,Assistance for Torture Victims,completeness,9551000.00
93.612,Native American Programs,completeness,35000000.00
93.616,Mentoring Children of Prisoners,completeness,61952000.00
93.623,Basic Center Grant,completeness,57941000.00
93.631,Developmental Disabilities Projects of National Significance,completeness,14162000.00
93.632,"University Centers for Excellence in Developmental Disabilities Education, Research, and Service",completeness,36943000.00
93.647,Social Services Research and Demonstration,consistency,189764000.00
93.648,Child Welfare Services Training Grants,completeness,7207000.00
93.652,Adoption Opportunities,completeness,26379000.00
93.670,Child Abuse and Neglect Discretionary Activities,completeness,37135000.00
93.760,Rural PACE (Program of All-Inclusive Care for the Elderly) Provider Grant Program,consistency,5000000.00
93.768,Medicaid Infrastructure Grants To Support the Competitive Employment of People with Disabilities,completeness,40200000.00
93.769,Demonstration to Maintain Independence and Employment,completeness,2000000.00
93.779,"Centers for Medicare and Medicaid Services (CMS) Research, Demonstrations and Evaluations",consistency,31301000.00
93.789,Alternatives to Psychiatric Residential Treatment Facilities for Children,consistency,37168000.00
93.791,Money Follows the Person Rebalancing Demonstration ,consistency,350470000.00
93.793,Medicaid Transformation Grants,completeness,75000000.00
93.822,Health Careers Opportunity Program,completeness,9825000.00
93.837,Cardiovascular Diseases Research,completeness,1556459000.00
93.838,Lung Diseases Research,completeness,582448863.00
93.839,Blood Diseases and Resources Research,completeness,409262576.00
93.846,"Arthritis, Musculoskeletal and Skin Diseases Research",completeness,410539000.00
93.853,Extramural Research Programs in the Neurosciences and Neurological Disorders,completeness,1345652000.00
93.855,"Allergy, Immunology and Transplantation Research",consistency,640979000.00
93.856,Microbiology and Infectious Diseases Research,consistency,2067013000.00
93.859,Biomedical Research and Research Training,completeness,1857074000.00
93.865,Child Health and Human Development Extramural Research,completeness,883266000.00
93.866,Aging Research,completeness,879098000.00
93.867,Vision Research,completeness,533773000.00
93.879,Medical Library Assistance,completeness,63389000.00
93.884,Grants for Training in Primary Care Medicine and Dentistry,completeness,43872255.00
93.891,Alcohol Research Center Grants,consistency,27276000.00
93.912,Rural Health Care Services Outreach and Rural Health Network Development Program,completeness,25831745.00
93.913,Grants to States for Operation of Offices of Rural Health,completeness,7206900.00
93.914,HIV Emergency Relief Project Grants,completeness,549905180.00
93.918,Grants to Provide Outpatient Early Intervention Services with Respect to HIV Disease,completeness,186206136.00
93.923,Disadvantaged Health Professions Faculty Loan Repayment (FLRP) and Minority Faculty Fellowship Program (MFFP),consistency,54477.00
93.924,Ryan White HIV/AIDS Dental Reimbursements\Community Based Dental Partnership,consistency,12518198.00
93.925,Scholarships for Health Professions Students from Disadvantaged Backgrounds,completeness,42400000.00
93.926,Healthy Start Initiative,completeness,94450895.00
93.928,Special Projects of National Significance,completeness,25000000.00
93.932,Native Hawaiian Health Systems,consistency,125450000.00
93.938,Cooperative Agreements to Support Comprehensive School Health Programs to Prevent the Spread of HIV and Other Important Health Problems,completeness,35593573.00
93.939,HIV Prevention Activities_Non-Governmental Organization Based,completeness,77501379.00
93.940,HIV Prevention Activities_Health Department Based,timeliness,327098892.00
93.941,"HIV Demonstration, Research, Public and Professional Education Projects",consistency,14945541.00
93.943,Epidemiologic Research Studies of Acquired Immunodeficiency Syndrome (AIDS) and Human Immunodeficiency Virus (HIV) Infection in Selected Population Groups,consistency,4483640.00
93.944,Human Immunodeficiency Virus (HIV)/Acquired Immunodeficiency Virus Syndrome (AIDS) Surveillance,completeness,76044582.00
93.965,Coal Miners Respiratory Impairment Treatment Clinics and Services,completeness,5600000.00
93.977,Preventive Health Services_Sexually Transmitted Diseases Control Grants,completeness,104700730.00
93.978,"Preventive Health Services_Sexually Transmitted Diseases Research, Demonstrations, and Public Information and Education Grants",completeness,4685883.00
93.982,Mental Health Disaster Assistance and Emergency Mental Health,completeness,38667953.00
93.989,International Research and Research Training,completeness,50100000.00
93.064,"Laboratory Training, Evaluation, and Quality Assurance Programs",completeness,2644196.00
93.065,"Laboratory Leadership, Workforce Training and Management Development, Improving Public Health Laboratory Infrastructure",consistency,12000000.00
93.066,State Vital Statistics Improvement Program,completeness,571500.00
93.068,"Chronic Diseases:  Research, Control, and Prevention  ",completeness,4400000.00
93.069,Public Health Emergency Preparedness,completeness,704867418.00
93.107,Model State-Supported Area Health Education Centers,completeness,14000000.00
93.116,Project Grants and Cooperative Agreements for Tuberculosis Control Programs,completeness,97698380.00
93.123,Health Professions Pregraduate Scholarship Program for Indians,consistency,1364846.00
93.127,Emergency Medical Services for Children,completeness,17398487.00
93.129,Technical and Non-Financial Assistance to Health Centers,completeness,40000000.00
93.130,Cooperative Agreements to States/Territories for the Coordination and Development of Primary Care Offices,completeness,10000000.00
93.135,Centers for Research and Demonstration for Health Promotion and Disease Prevention,completeness,24200000.00
93.181,Podiatric Residency Training in Primary Care,completeness,0.00
93.184,Disabilities Prevention,completeness,16090473.00
93.192,Quentin N. Burdick Program for Rural Interdisciplinary Training,completeness,0.00
93.206,Human Health Studies_Applied Research and Development,completeness,0.00
93.208,Great Lakes Human Health Effects Research,completeness,1082730.00
93.210,Tribal Self-Governance Program: IHS Compacts/Funding Agreements ,consistency,980000000.00
93.230,Consolidated Knowledge Development and Application (KD&A) Program,consistency,500000.00
93.231,Epidemiology Cooperative Agreements,completeness,6000000.00
93.249,Public Health Training Centers Grant Program,timeliness,4500000.00
93.266,Rapid Expansion of Antiretroviral Therapy Programs for HIV-Infected Persons in Selected Countries in Africa and the Caribbean Under the President's Emergency Plan for AIDS Relief,completeness,196000000.00
93.270,Adult Viral Hepatitis Prevention and Control,consistency,9500000.00
93.282,Mental Health National Research Service Awards for Research Training,completeness,49858000.00
93.283,Centers for Disease Control and Prevention_Investigations and Technical Assistance,consistency,131589465.00
93.284,Injury Prevention Program for American Indians and Alaskan Natives_Cooperative Agreements,completeness,1400000.00
93.300,National Center for Health Workforce Analysis,completeness,0.00
93.365,Sickle Cell Treatment Demonstration Program,completeness,1469216.00
93.392,Cancer Construction,completeness,0.00
93.442,Special Diabetes Program for Indians (SDPI) Competitive Grant Program,consistency,23300000.00
93.444,Tribal Self-Governance Program: Planning and Negotiation Cooperative Agreement,consistency,220000.00
93.583,Refugee and Entrant Assistance_Wilson/Fish Program,completeness,23000000.00
93.676,Unaccompanied Alien Children Program,completeness,95088000.00
93.776,Hurricane Katrina Relief,consistency,19064378.00
93.785,Pilot Program for National and State Background Checks--Direct Patient Access for Long-Term Care,consistency,1184000.00
93.824,Basic/Core Area Health Education Centers,completeness,13200000.00
93.887,Health Care and Other Facilities,completeness,200000045.00
93.888,Specially Selected Health Projects,completeness,0.00
93.919,Cooperative Agreements for State-Based Comprehensive Breast and Cervical Cancer Early Detection Programs,consistency,158085587.00
93.942,"Research, Treatment and Education Programs on Lyme Disease in the United States",completeness,1400494.00
93.945,Assistance Programs for Chronic Disease Prevention and Control,completeness,50502222.00
93.946,Cooperative Agreements to Support State-Based Safe Motherhood and Infant Health Initiative Programs,consistency,5200000.00
93.947,"Tuberculosis Demonstration, Research, Public and Professional Education",consistency,1790122.00
93.970,Health Professions Recruitment Program for Indians,completeness,0.00
93.972,Health Professions Scholarship Program,consistency,9603857.00
93.280,National Institutes of Health Loan Repayment Program for Clinical Researchers,consistency,38593631.00
93.400,National Health Service Corps Scholarship Program,consistency,13786032.00
93.406,Nursing Education Loan Repayment Program (NELRP),consistency,18901576.00
93.409,Faculty Loan Repayment Programs,consistency,1133841.00
93.162,National Health Service Corps Loan Repayment Program,consistency,59182064.00
93.209,Contraception and Infertility Research Loan Repayment Program,consistency,1000000.00
93.255,Children's Hospitals Graduate Medical Education Payment,consistency,301000000.00
93.285,National Institutes of Health Pediatric Research Loan Repayment Program,consistency,17406844.00
93.288,National Health Service Corps Scholarship Program,consistency,14805558.00
93.303,Nursing Scholarship Program,consistency,14000000.00
93.441,Indian Self-Determination,consistency,509600000.00
93.770,Medicare_Prescription Drug Coverage,consistency,45087000000.00
93.773,Medicare_Hospital Insurance,consistency,226122000000.00
93.774,Medicare_Supplementary Medical Insurance,consistency,187935000000.00
93.784,Federal Reimbursement of Emergency Health Services Furnished to Undocumented Aliens,consistency,225000000.00
93.908,Nursing Education Loan Repayment Program ,consistency,16804789.00
97.073,State Homeland Security Program (SHSP),consistency,921500000.00
97.008,Urban Areas Security Initiative ,consistency,862925000.00
97.024,Emergency Food and Shelter National Board Program,consistency,153000135.00
97.010,Citizenship Education and Training,consistency,450000.00
97.036,Disaster Grants - Public Assistance (Presidentially Declared Disasters),consistency,3124128957.00
97.040,Chemical Stockpile Emergency Preparedness Program,consistency,88155897.00
97.041,National Dam Safety Program,consistency,3212000.00
97.043,State Fire Training Systems Grants,consistency,1400000.00
97.044,Assistance to Firefighters Grant,consistency,560000000.00
97.046,Fire Management Assistance Grant,consistency,110000000.00
97.069,Aviation Research Grants,consistency,9691029.00
97.071,Metropolitan Medical Response System,consistency,39831404.00
97.076,National Center for Missing and Exploited Children (NCMEC) ,consistency,203000.00
97.083,Staffing for Adequate Fire and Emergency Response (SAFER),consistency,180500000.00
97.092,Repetitive Flood Claims,consistency,10000000.00
97.093,Fire Service Hazardous Materials Preparedness and Response,consistency,50000.00
97.094,Prevention Advocacy Resources and Data Exchange Program,consistency,30000.00
97.095,Safe Kids Worldwide,consistency,200000.00
97.097,Training Resource and Data Exchange (TRADE),consistency,93000.00
97.099,Residential Fire Safety & Fire Sprinkler Initiatives ,consistency,130000.00
97.103,Degrees at a Distance Program ,consistency,70000.00
97.104,"Homeland Security-related Science, Technology, Engineering and Mathematics (HS STEM) Career Development Program",consistency,3000000.00
97.105,"Firefighter/Emergency Medical Services (EMS) Outreach, Technology Transfer,  Information Dissemination, and Technical Assistance",consistency,150000.00
97.107,National Incident Management System (NIMS),consistency,12648000.00
97.109,Disaster Housing Assistance Grant,consistency,365000000.00
97.110,Severe Loss Repetitive Program,consistency,40000000.00
97.112,Border Infrastructure Improvement Projects,consistency,134740248.00
97.023,Community Assistance Program State Support Services Element (CAP-SSSE),consistency,7500000.00
97.053,Citizen Corps,consistency,14572500.00
97.066,"Homeland Security Information Technology Research, Testing, Evaluation and Demonstration Program",consistency,10100000.00
97.079,Public Alert Radios for Schools,consistency,1500000.00
97.098,Disaster Donations Management Program ,consistency,375000.00
97.014,Bridge Alteration,consistency,16400000.00
97.018,National Fire Academy Training Assistance,consistency,1600000.00
97.034,Disaster Unemployment Assistance,consistency,12619457.00
97.090,Law Enforcement Officer Reimbursement Agreement Program,consistency,65027814.00
97.100,Airport Checked Baggage Screening Program,consistency,390108000.00
14.218,Community Development Block Grants/Entitlement Grants,completeness,2510501000.00
14.228,Community Development Block Grants/State's program and Non-Entitlement Grants in Hawaii,completeness,1075929000.00
14.231,Emergency Shelter Grants Program,consistency,160000000.00
14.239,Home Investment Partnerships Program,completeness,1654000000.00
14.241,Housing Opportunities for Persons with AIDS,completeness,300100000.00
14.867,Indian Housing Block Grants,completeness,621770000.00
14.872,Public Housing Capital Fund,completeness,2327452000.00
14.169,Housing Counseling Assistance Program,completeness,47500000.00
14.191,Multifamily Housing Service Coordinators,completeness,0.00
14.225,Community Development Block Grants/Special Purpose Grants/Insular Areas,completeness,7000000.00
14.227,Community Development Block Grants/Technical Assistance Program,consistency,3000000.00
14.235,Supportive Housing Program,consistency,1059172000.00
14.238,Shelter Plus Care,completeness,350741000.00
14.246,Community Development Block Grants/Brownfields Economic Development Initiative,consistency,10000000.00
14.247,Self-Help Homeownership Opportunity Program,completeness,26500000.00
14.249,Section 8 Moderate Rehabilitation Single Room Occupancy,consistency,16077000.00
14.251,"Economic Development Initiative-Special Project, Neighborhood Initiative and Miscellaneous Grants",consistency,25970000.00
14.252,Section 4 Capacity Building for Affordable Housing and Community Development Grants,consistency,33500000.00
14.314,Assisted Living Conversion for Eligible Multifamily Housing Projects,completeness,0.00
14.316,Housing Counseling Training Program,consistency,2500000.00
14.401,Fair Housing Assistance Program_State and Local,completeness,25620000.00
14.408,Fair Housing Initiatives Program,consistency,24000000.00
14.514,Hispanic-Serving Institutions Assisting Communities,consistency,6000000.00
14.515,Alaska Native/Native Hawaiian Institutions Assisting Communities,consistency,3000000.00
14.516,Doctoral Dissertation Research Grants,consistency,300000.00
14.519,Tribal Colleges and Universities Program,completeness,5000000.00
14.520,Historically Black Colleges and Universities Program,completeness,9000000.00
14.862,Indian Community Development Block Grant Program,completeness,62000000.00
14.866,Demolition and Revitalization of Severely Distressed Public Housing,completeness,97600000.00
14.870,Resident Opportunity and Supportive Services - Service Coordinators,completeness,40000000.00
14.873,Native Hawaiian Housing Block Grants,completeness,8700000.00
14.878,Affordable Housing Development in Main Street Rejuvenation Projects,consistency,4000000.00
14.900,Lead-Based Paint Hazard Control in Privately-Owned Housing,consistency,86600000.00
14.905,Lead Hazard Reduction Demonstration Grant Program,consistency,44000000.00
14.250,Rural Housing and Economic Development,completeness,17000000.00
14.506,General Research and Technology Activity,consistency,30478902.00
14.517,Early Doctoral Student Research Grants,consistency,100000.00
14.875,Public Housing Neighborhood Networks Grants,completeness,0.00
14.903,Operation Lead Elimination Action Program,completeness,17500000.00
14.904,Lead Outreach Grants,consistency,2000000.00
14.149,Rent Supplements_Rental Housing for Lower Income Families,completeness,0.00
14.157,Supportive Housing for the Elderly,completeness,778344000.00
14.181,Supportive Housing for Persons with Disabilities,completeness,255779000.00
14.195,Section 8 Housing Assistance Payments Program_Special Allocations,completeness,8726262525.00
14.197,Multifamily Assisted Housing Reform and Affordability Act,completeness,253000000.00
14.850,Public and Indian Housing,completeness,4200000000.00
14.871,Section 8 Housing Choice Vouchers,completeness,16051000000.00
14.879,Mainstream Vouchers,completeness,74745000.00
14.880,Family Unification Program (FUP),consistency,20000000.00
16.548,Title V_Delinquency Prevention Program,consistency,61100000.00
16.579,Edward Byrne Memorial Formula Grant Program,consistency,4245.00
16.015,Missing Alzheimer's Disease Patient Assistance Program,consistency,94000.00
16.108,Americans With Disabilities Act Technical Assistance Program,consistency,17550000.00
16.203,Comprehensive Approaches to Sex Offender Management Discretionary Grant (CASOM),consistency,4162000.00
16.307,Combined DNA Index System,consistency,15238207.00
16.321,Antiterrorism Emergency Reserve,consistency,50000000.00
16.526,OVW Technical Assistance Initiative,consistency,13759046.00
16.541,"Part E - Developing, Testing and Demonstrating Promising New Programs",consistency,830000.00
16.560,"National Institute of Justice Research, Evaluation, and Development Project Grants",consistency,17260000.00
16.582,Crime Victim Assistance/Discretionary Grants,consistency,590000000.00
16.601,Corrections_Training and Staff Development,consistency,6500000.00
16.611,Closed-Circuit Televising of Child Victims of Abuse,consistency,940000.00
16.710,Public Safety Partnership and Community Policing Grants,consistency,339404855.00
16.735,Protecting Inmates and Safeguarding Communities Discretionary Grant Program ,consistency,17860000.00
16.737,Gang Resistance Education and Training,consistency,18800000.00
16.740,Statewide Automated Victim Information Notification (SAVIN) Program,consistency,34780000.00
16.746,Capital Case Litigation,consistency,2500000.00
16.749,Radiation Exposure Compensation Program,consistency,31000000.00
16.750,Support for Adam Walsh Act Implementation Grant Program,consistency,18960000.00
16.753,Congressionally Recommended Awards ,consistency,187500000.00
16.550,State Justice Statistics Program for Statistical Analysis Centers,consistency,34780000.00
16.739,National Prison Rape Statistics Program ,consistency,2488000.00
16.606,State Criminal Alien Assistance Program,consistency,410000000.00
16.607,Bulletproof Vest Partnership Program,consistency,23970000.00
16.571,Public Safety Officers' Benefits Program,consistency,70854000.00
16.615,Public Safety Officers' Educational Assistance,consistency,3980000.00
17.207,Employment Service/Wagner-Peyser Funded Activities,timeliness,773000000.00
17.225,Unemployment Insurance,consistency,46234000000.00
17.259,WIA Youth Activities,timeliness,910000000.00
17.260,WIA Dislocated  Workers,timeliness,1119000000.00
17.804,Local Veterans' Employment Representative Program,timeliness,71812000.00
17.002,Labor Force Statistics,timeliness,80287900.00
17.005,Compensation and Working Conditions,timeliness,5911735.00
17.245,Trade Adjustment Assistance,timeliness,260000000.00
17.261,"WIA Pilots, Demonstrations, and Research Projects",consistency,14000000.00
17.265,Native American Employment and Training,timeliness,67000000.00
17.269,Community Based Job Training Grants,timeliness,123000000.00
17.270,Reintegration of Ex-Offenders,consistency,63000000.00
17.274,YOUTHBUILD,timeliness,60000000.00
17.503,Occupational Safety and Health_State Program,timeliness,89502000.00
17.600,Mine Health and Safety Grants,timeliness,8441000.00
17.604,Safety and Health Grants,consistency,2161566.00
17.807,Transition Assistance Program,consistency,6422048.00
17.504,Consultation Agreements,timeliness,52425000.00
17.505,OSHA Data Initiative,timeliness,1321000.00
17.302,Longshore and Harbor Workers' Compensation,consistency,140935698.00
17.307,Coal Mine Workers' Compensation,consistency,530437962.00
17.310,Energy Employees Occupational Illness Compensation,consistency,1072796000.00
15.133,Native American Business Development Institute,consistency,150000.00
15.252,Abandoned Mine Land Reclamation (AMLR) Program,completeness,285400000.00
15.426,Coastal Impact Assistance Program (CIAP),completeness,42365455.00
15.605,Sport Fish Restoration Program,completeness,398337729.00
15.611,Wildlife Restoration,completeness,309686579.00
15.626,Hunter Education and Safety Program,completeness,8000000.00
15.634,State Wildlife Grants,completeness,62724000.00
15.805,Assistance to State Water Resources Research Institutes,completeness,5985179.00
15.904,Historic Preservation Fund Grants-In-Aid,consistency,45774600.00
15.027,Assistance to Tribally Controlled Community Colleges and Universities,consistency,56713000.00
15.028,Tribally Controlled Community College Endowments,consistency,107000.00
15.043,Indian Child and Family Education,completeness,7000000.00
15.046,Administrative Cost Grants for Indian Schools,completeness,43373000.00
15.059,Indian Graduate Student Scholarships,completeness,2164000.00
15.114,Indian Education_Higher Education Grant Program,consistency,25960000.00
15.141,Indian Housing Assistance,completeness,13000000.00
15.144,Indian Child Welfare Act_Title II Grants,consistency,10974000.00
15.224,Cultural Resource Management,consistency,3350000.00
15.225,Recreation Resource Management,consistency,5100000.00
15.228,National Fire Plan - Wildland Urban Interface Community Fire Assistance,consistency,7360000.00
15.229,Wild Horse and Burro Resource Management,consistency,2950000.00
15.230,Invasive and Noxious Plant Management,consistency,2800000.00
15.231,"Fish, Wildlife and Plant Conservation Resource Management",completeness,25753000.00
15.232,Wildland Fire Research and Studies Program,consistency,230000.00
15.234,Secure Rural Schools and Community Self-Determination,consistency,8800000.00
15.235,Southern Nevada Public Land Management,consistency,96000000.00
15.237,Rangeland Resource Management,consistency,325000.00
15.238,Challenge Cost Share,consistency,3800000.00
15.239,Management Initiatives,consistency,2000000.00
15.240,Helium Resource Management,consistency,6900000.00
15.242,National Fire Plan - Rural Fire Assistance,consistency,6032000.00
15.250,Regulation of Surface Coal Mining and Surface Effects of Underground Coal Mining,consistency,60559.00
15.425,Offshore Research Technology Center (OTRC) Texas Engineering Experiment Station (TEES),consistency,400000.00
15.427,Federal Oil and Gas Royalty Management,completeness,10180000.00
15.428,Marine Gas Hydrate Research Activities,consistency,850000.00
15.507,Water 2025,consistency,6000000.00
15.508,Providing Water to At-Risk Natural Desert Terminal Lakes,consistency,75000000.00
15.509,Colorado River Basin Salinity Control Program,completeness,11406000.00
15.510,Colorado Ute Indian Water Rights Settlement Act,consistency,35000000.00
15.513,Dutch John Federal Property and Disposition  Assistance Act,completeness,376000.00
15.521,Lower Rio Grande Valley Water Resources Conservation and Improvement,completeness,2519000.00
15.526,San Gabriel Basin Restoration Project,consistency,400000.00
15.529,Upper Colorado and San Juan River Basins Endangered Fish Recovery Programs,completeness,1600000.00
15.530,Water Conservation Field Services Program (WCFSP),consistency,14340000.00
15.540,Lake Mead/Las Vegas Wash Program,consistency,2342573.00
15.614,"Coastal Wetlands Planning, Protection and Restoration Act",completeness,20575000.00
15.615,Cooperative Endangered Species Conservation Fund,completeness,73831000.00
15.616,Clean Vessel Act,completeness,13250000.00
15.619,Rhinoceros and Tiger Conservation Fund,consistency,1822000.00
15.620,African Elephant Conservation Fund,consistency,1386000.00
15.621,Asian Elephant Conservation Fund,completeness,1429000.00
15.622,Sportfishing and Boating Safety Act,completeness,13400000.00
15.623,North American Wetlands Conservation Fund,consistency,83500000.00
15.628,Multistate Conservation Grant Program,completeness,6000000.00
15.629,Great Apes Conservation Fund,consistency,1686000.00
15.635,Neotropical Migratory Bird Conservation ,consistency,4296906.00
15.639,Tribal Wildlife Grants Program,consistency,6000000.00
15.640,Wildlife Without Borders- Latin America and the Caribbean ,consistency,947000.00
15.641,Wildlife Without Borders-Mexico ,consistency,752000.00
15.643,Alaska Migratory Bird Co-Management Council,completeness,222600.00
15.645,Marine Turtle Conservation Fund,completeness,906000.00
15.647,Migratory  Bird Conservation,completeness,365800.00
15.649,Service Training and Technical Assistance (Generic Training),consistency,91000.00
15.650,Research Grants (Generic),consistency,50000.00
15.651,Wildlife Without Borders-Africa Program,completeness,500000.00
15.653,National Outreach and Communication Program,consistency,13400000.00
15.655,"Migratory Bird Monitoring, Assessment and Conservation",consistency,2205000.00
15.813,Cooperative Research Units Training Program,completeness,1500000.00
15.814,National Geological and Geophysical Data Preservation Program,consistency,500000.00
15.815,National Land Remote Sensing_Education Outreach and Research,consistency,960000.00
15.875,"Economic, Social, and Political Development of the Territories",completeness,223475000.00
15.916,"Outdoor Recreation_Acquisition, Development and Planning",completeness,23133400.00
15.922,Native American Graves Protection and Repatriation Act,consistency,2400000.00
15.923,National Center for Preservation Technology and Training,consistency,165415.00
15.926,American Battlefield Protection,consistency,1367144.00
15.928,Civil War Battlefield Land Acquisition Grants,consistency,3000000.00
15.929,Save America's Treasures,consistency,24610000.00
15.930,Chesapeake Bay Gateways Network,consistency,550000.00
15.936,Shenandoah Valley Battlefields National Historic District Battlefield Acquisition and Protection,consistency,1665488.00
15.233,Forests and Woodlands Resource Management,consistency,319000.00
15.236,Environmental Quality and Protection Resource Management,consistency,5762000.00
15.253,Not-for-Profit AMD Reclamation,completeness,1500000.00
15.255,Applied Science Program Cooperative Agreements Related to Coal Mining and Reclamation,completeness,1400000.00
15.421,Alaska Coastal Marine Institute,completeness,750000.00
15.422,Louisiana State University (LSU) Coastal Marine Institute  (CMI),consistency,770000.00
15.423,Minerals Management Service (MMS) Environmental Studies Program (ESP),consistency,900000.00
15.424,Marine Minerals Activities,completeness,0.00
15.506,Water Desalination Research and Development Program,completeness,5805000.00
15.514,Reclamation States Emergency Drought Relief,consistency,436000.00
15.516,Fort Peck Reservation Rural Water System ,completeness,6763000.00
15.518,Garrison Diversion Unit,consistency,17642000.00
15.520,Lewis and Clark Rural Water System ,consistency,21486000.00
15.522,Mni Wiconi Rural Water Supply Project,completeness,42492000.00
15.523,Perkins County Rural Water System,completeness,2507050.00
15.524,Recreation Resources Management,consistency,7114000.00
15.525,Rocky Boy's/North Central Montana Regional Water System ,consistency,72994.00
15.528,St. Mary Storage Unit Facilities Rehabilitation Project,consistency,343845.00
15.531,Yakima River Basin Water Enhancement Project (YRBWEP),completeness,4120000.00
15.532,"Central Valley Project, Trinity River Division, Trinity River  Fish and Wildlife Management",consistency,1357000.00
15.533,California Water Security and Environmental Enhancement,consistency,27000.00
15.534,"Miscellaneous Public Law 93-638 Contracts, Grants, and Cooperative Agreements",completeness,0.00
15.535,Upper Colorado River Basin Fish and Wildlife Mitigation Program.,consistency,24000.00
15.636,Alaska Subsistence Management,completeness,5075000.00
15.637,Migratory Bird Joint Ventures,completeness,4067545.00
15.807,Earthquake Hazards Reduction Program,completeness,13138000.00
15.808,U.S. Geological Survey_ Research and Data Collection,completeness,41000000.00
15.810,National Cooperative Geologic Mapping Program,consistency,6981655.00
15.811,Gap Analysis Program  ,completeness,2100000.00
15.812,Cooperative Research Units Program ,completeness,16000000.00
15.816,Minerals Resources External Research Program,consistency,115478.00
15.931,Conservation Activities by Youth Service Organizations,consistency,10400000.00
15.978,Upper Mississippi River System Long Term Resource Monitoring Program,completeness,2691425.00
15.021,Consolidated Tribal Government Program,consistency,69240000.00
15.022,Tribal Self-Governance,consistency,389500000.00
15.024,Indian Self-Determination Contract Support,consistency,149628000.00
15.025,"Services to Indian Children, Elderly and Families",consistency,21690000.00
15.029,Tribal Courts,consistency,11604200.00
15.031,Indian Community Fire Protection,completeness,948000.00
15.032,Indian Economic Development,completeness,1477230.00
15.034,Agriculture on Indian Lands,completeness,3659250.00
15.038,Minerals and Mining on Indian Lands,completeness,1000000.00
15.057,Navajo-Hopi Indian Settlement Program,completeness,239200.00
15.063,Improvement and Repair of Indian Detention Facilities,consistency,9999900.00
15.064,Structural Fire Protection_Bureau of Indian Affairs Facilities,consistency,532960.00
15.113,Indian Social Services_Welfare Assistance,consistency,59332460.00
15.148,Tribal Energy Development Capacity Grants,consistency,1000000.00
15.630,Coastal Program,consistency,11500000.00
15.644,Federal Junior Duck Stamp Conservation and Design ,consistency,150000.00
15.020,Aid To Tribal Governments,consistency,33887000.00
15.026,Indian Adult Education,consistency,2434000.00
15.033,Road Maintenance_Indian Roads,completeness,7014870.00
15.035,Forestry on Indian Lands,consistency,14500000.00
15.036,Indian Rights Protection,completeness,415910.00
15.037,Water Resources on Indian Lands,completeness,4996195.00
15.040,Real Estate Programs_Indian Lands,consistency,3987550.00
15.041,Environmental Management_Indian Programs,consistency,4000000.00
15.042,Indian School Equalization Program,completeness,221765000.00
15.044,Indian Schools_Student Transportation,completeness,31970600.00
15.045,Assistance for Indian Children with Severe Disabilities,completeness,371500.00
15.047,"Indian Education Facilities, Operations, and Maintenance",consistency,59800000.00
15.048,Bureau of Indian Affairs Facilities_Operations and Maintenance,consistency,1440670.00
15.051,Endangered Species on Indian Lands,consistency,1217000.00
15.052,Litigation Support for Indian Rights,completeness,1386000.00
15.053,Attorney Fees_Indian Rights,completeness,1764000.00
15.062,Replacement and Repair of Indian Schools,consistency,69129220.00
15.065,Safety of Dams on Indian Lands,consistency,6700000.00
15.108,Indian Employment Assistance,consistency,6923860.00
15.130,Indian Education_Assistance to Schools,consistency,13781000.00
15.254,Summer Watershed Intern,completeness,70000.00
15.631,Partners for Fish and Wildlife,consistency,42600000.00
15.659,National Wildlife Refuge Fund,consistency,23303945.00
21.006,Tax Counseling for the Elderly,consistency,4065415.00
21.008,Low-Income Taxpayer Clinics,consistency,9000000.00
21.009,Volunteer Income Tax Assistance (VITA) Matching Grant Program,consistency,8000000.00
21.020,Community Development Financial Institutions Program,consistency,44794749.00
21.021,Bank Enterprise Award Program,timeliness,20000000.00
20.205,Highway Planning and Construction,timeliness,40068000000.00
20.218,National Motor Carrier Safety,consistency,202000000.00
20.505,Federal Transit_Metropolitan Planning Grants,completeness,73845000.00
20.513,Capital Assistance Program for Elderly Persons and Persons with Disabilities,completeness,117242000.00
20.515,State Planning and Research,consistency,15467000.00
20.521,New Freedom Program,completeness,139230000.00
20.600,State and Community Highway Safety,timeliness,225000000.00
20.700,Pipeline Safety Program Base Grants,timeliness,20000000.00
20.231,Performance and Registration Information Systems Management,consistency,5000000.00
20.106,Airport Improvement Program,timeliness,3310112000.00
20.109,Air Transportation Centers of Excellence,timeliness,8500000.00
20.232,Commercial Driver License State Programs,consistency,25000000.00
20.233,Border Enforcement Grants,consistency,32000000.00
20.234,Safety Data Improvement Program,completeness,30000000.00
20.237,Commercial Vehicle Information Systems and Networks,consistency,22500000.00
20.238,Commercial Drivers License Information System ,timeliness,8000000.00
20.240,Fuel Tax Evasion-Intergovernmental Enforcement Effort,consistency,1000000.00
20.313,Railroad Research and Development,consistency,1000000.00
20.314,Railroad Development,consistency,37139300.00
20.514,Public Transportation Research,completeness,39990000.00
20.516,Job Access_Reverse Commute,completeness,238961230.00
20.518,Capital and Training Assistance Program for Over-the-Road Bus Accessibility,consistency,10908290.00
20.519,Clean Fuels,consistency,46538470.00
20.522,Alternatives Analysis ,timeliness,32798330.00
20.602,Occupant Protection,timeliness,25000000.00
20.611,Incentive Grant Program to Prohibit Racial Profiling,consistency,7500000.00
20.701,University Transportation Centers Program,timeliness,76700000.00
20.703,Interagency Hazardous Materials Public Sector Training and Planning Grants,consistency,26800000.00
20.720,State Damage Prevention Program Grants,timeliness,1500000.00
20.721,PHMSA Pipeline Safety Program One Call Grant,consistency,1043000.00
20.762,Research Grants,timeliness,1000000.00
20.764,Hydrogen Storage Research and Development,consistency,400000.00
20.930,Payments for Small Community Air Service Development,consistency,10000000.00
20.704,RITA Hydrogen,consistency,1750188.00
20.763,Research and Innovative Technology (RIT) Hydrogen Alternative Fuel Life Cycle,consistency,1000000.00
20.815,Fireboat Construction,consistency,993500.00
20.910,Assistance to small and disadvantaged businesses,consistency,1352547000.00
20.806,State Maritime Schools,consistency,13181000.00
20.813,Maritime Security Fleet Program,consistency,156000000.00
64.014,Veterans State Domiciliary Care,consistency,49339000.00
64.015,Veterans State Nursing Home Care,consistency,501046000.00
64.016,Veterans State Hospital Care,consistency,3346000.00
64.005,Grants to States for Construction of State Home Facilities,completeness,161782000.00
64.024,VA Homeless Providers Grant and Per Diem Program,consistency,107180000.00
64.026,Veterans State Adult Day Health Care,consistency,380000.00
64.203,State Cemetery Grants,completeness,36937000.00
64.100,Automobiles and Adaptive Equipment for Certain Disabled Veterans and Members of the Armed Forces,consistency,57300000.00
64.106,Specially Adapted Housing for Disabled Veterans,consistency,35910000.00
64.117,Survivors and Dependents Educational Assistance,consistency,450646000.00
64.120,Post-Vietnam Era Veterans' Educational Assistance,consistency,2256000.00
64.101,Burial Expenses Allowance for Veterans,consistency,195949000.00
64.202,Procurement of Headstones and Markers and/or Presidential Memorial Certificates,consistency,52761000.00
64.104,Pension for Non-Service-Connected Disability for Veterans,consistency,2858181000.00
64.105,"Pension to Veterans Surviving Spouses, and Children",consistency,896414000.00
64.109,Veterans Compensation for Service-Connected Disability,consistency,32456880000.00
64.116,Vocational Rehabilitation for Disabled Veterans,consistency,622948000.00
64.124,All-Volunteer Force Educational Assistance,consistency,2164929000.00
64.127,Monthly Allowance for Children of Vietnam Veterans Born with Spina Bifida,consistency,18706000.00
66.605,Performance Partnership Grants,completeness,392000000.00
66.033,Ozone Transport Commission,consistency,635000.00
66.034,"Surveys, Studies, Research, Investigations, Demonstrations, and Special Purpose Activities Relating to the Clean Air Act",consistency,18001650.00
66.038,"Training, Investigations, and Special Purpose Activities of Federally-Recognized Indian Tribes Consistent With the Clean Air Act (CAA), Tribal Sovereignty and the Protection and Management of Air Quality",consistency,9589688.00
66.039,National Clean Diesel Funding Assistance Program,consistency,34400000.00
66.113,Region 3 Environmental Priority Projects ,consistency,250000.00
66.305,Compliance Assistance Support for Services to the Regulated Community and Other Assistance Providers ,completeness,780000.00
66.310,Capacity Building Grants and Cooperative Agreements for Compliance Assurance and Enforcement Activities in Indian Country and Other Tribal Areas,consistency,1095000.00
66.418,Construction Grants for Wastewater Treatment Works,completeness,5083000.00
66.424,"Surveys, Studies, Investigations, Demonstrations, and Training Grants - Section 1442 of the Safe Drinking Water Act",completeness,9098778.00
66.436,"Surveys, Studies, Investigations, Demonstrations, and Training Grants and Cooperative Agreements - Section 104(b)(3) of the Clean Water Act",consistency,1178402.00
66.469,Great Lakes Program,consistency,40556000.00
66.473,Direct Implementation Tribal Cooperative Agreements,consistency,700000.00
66.480,Assessment and Watershed Protection Program Grants ,consistency,500000.00
66.509,Science To Achieve Results (STAR) Research Program,completeness,52500000.00
66.511,Office of Research and Development Consolidated Research/Training/Fellowships,consistency,33600000.00
66.512,Regional Environmental Monitoring and Assessment Program (REMAP) Research Projects,completeness,767500.00
66.513,Greater Research Opportunities (GRO) Fellowships For Undergraduate/Graduate Environmental Study,consistency,1529000.00
66.514,Science To Achieve Results (STAR) Fellowship Program ,consistency,7200000.00
66.516,P3 Award: National Student Design Competition for Sustainability,completeness,1077000.00
66.517,Regional Applied Research Efforts (RARE) ,consistency,511000.00
66.604,Environmental Justice Small Grant Program ,consistency,800000.00
66.610,"Surveys, Studies, Investigations and Special Purpose Grants within the Office of the Administrator",consistency,500000.00
66.717,Source Reduction Assistance,completeness,1600000.00
66.813,"Alternative or Innovative Treatment Technology Research, Demonstration, Training, and Hazardous Substance Research Grants",consistency,315190.00
66.816,Headquarters and Regional Underground Storage Tanks Program,completeness,1382468.00
66.952,National Network for Environmental Management Studies Fellowship Program,consistency,217859.00
66.117,Region 9 multi-media and geographic priority projects,consistency,463000.00
66.119,West Coast Estuaries Initiative,consistency,2800000.00
66.203,Environmental Finance Center Grants,consistency,2000000.00
66.462,National Wetland Program Development Grants and Five-Star Restoration Training Grant,completeness,0.00
66.475,Gulf of Mexico Program,consistency,3325000.00
66.478,Water Security Training and Technical Assistance and Water Security Initiative Contamination Warning System Pilots,completeness,20119149.00
66.518,State Senior Environmental Employment Program,consistency,350000.00
66.609,Protection of Children and Older Adults (Elderly) from Environmental Health Risks,completeness,600000.00
66.612,"Surveys, Studies, Investigations, Training Demonstrations and Educational Outreach Related to Environmental Information and the Release of Toxic Chemicals  ",consistency,225000.00
66.808,Solid Waste Management Assistance Grants,completeness,3000000.00
66.950,Environmental Education and Training Program,completeness,2209000.00
39.003,Donation of Federal Surplus Personal Property,consistency,12645000.00
45.129,Promotion of the Humanities_Federal/State Partnership,completeness,78911062.00
45.130,Promotion of the Humanities_Challenge Grants,completeness,10869300.00
45.160,Promotion of the Humanities_Fellowships and Stipends,consistency,5544995.00
45.162,Promotion of the Humanities_Teaching and Learning Resources and Curriculum Development,consistency,1572593.00
45.307,21st Century Museum Professionals,consistency,965000.00
45.312,National Leadership Grants,consistency,19941000.00
47.081,Office of Experimental Program to Stimulate Competitive Research ,consistency,111100000.00
77.007,U.S. Nuclear Regulatory Commission Minority Serving Institutions Program (MSIP),consistency,476459.00
77.009,U.S. Nuclear Regulatory Commission Office of Research Financial Assistance Program,consistency,1129129.00
57.001,Social Insurance for Railroad Workers,consistency,10139000000.00
59.046,Microloan Program,consistency,40067000.00
59.007,7(j) Technical Assistance,consistency,4670000.00
59.037,Small Business Development Centers,consistency,110468000.00
59.043,Women's Business Ownership Assistance,consistency,21848000.00
59.044,Veterans Business Development,consistency,4750000.00
59.050,PRIME Technical Assistance,consistency,3028000.00
59.051,New Markets Venture Capital Program,consistency,242000.00
59.052,Native American Outreach,consistency,1637000.00
59.055,HUBZone Program,consistency,7499000.00
59.070,Drug-Free Workplace Program,consistency,1086000.00
96.001,Social Security_Disability Insurance,completeness,102854000000.00
96.002,Social Security_Retirement Insurance,completeness,428032000000.00
96.004,Social Security_Survivors Insurance,completeness,71704000000.00
96.006,Supplemental Security Income,completeness,41225000000.00
19.011,ACADEMIC EXCHANGE PROGRAMS - SPECIAL ACADEMIC EXCHANGE PROGRAMS,consistency,38395000.00
19.012,Professional and Cultural Exchange Programs - Special Professional and Cultural Programs,consistency,12715000.00
19.014,One-Time International Exchange Grant Program,consistency,10000000.00
19.017,Environmental and Scientific Partnerships and Programs,consistency,22000000.00
19.345,"International Programs to Support Democracy, Human Rights and Labor",consistency,63481600.00
19.400,Educational Exchange_Graduate Students,timeliness,121140405.00
19.401,Educational Exchange_University Lecturers (Professors) and Research Scholars,timeliness,52745100.00
19.402,International Visitors Program,timeliness,52300000.00
19.415,Professional Exchanges_Annual Open Grant,consistency,69396000.00
19.517,Overseas Refugee Assistance Programs for Africa,completeness,318790207.00
19.408,Educational Exchange_Teachers from Secondary and Postsecondary Levels and School Administrators,timeliness,12954143.00
19.421,Exchange_English Language Fellow Program,timeliness,23944000.00
19.432,Overseas Educational Advising,consistency,8249000.00
19.511,Overseas Refugee Assistance Programs for East Asia,consistency,29000000.00
19.522,Overseas Refugee Assistance Programs for Strategic Global Priorities,consistency,65900000.00
91.001,Unsolicited Grant Program,consistency,3361805.00
91.002,Solicited Grant Program,consistency,2543755.00
85.102,Christopher Columbus Awards,consistency,215000.00
85.500,James Madison Memorial Fellowship Program,consistency,1125000.00
85.100,Christopher Columbus Fellowship Program,consistency,290000.00
85.401,Morris K. Udall Fellowship Program,consistency,48000.00
85.400,Morris K. Udall Scholarship Program,consistency,390042.00
85.402,Morris K. Udall Native American Congressional Internship Program,consistency,93780.00
